#lineage	position	allele_change	tag
lin2	497491	G/A	shitikov2017
proto_beijing	3309880	G/A	shitikov2017
lin2.2	2505085	G/A	shitikov2017
lin2.2	4280708	G/A	shitikov2017
asia_ancestral_1	346693	G/T	shitikov2017
asia_ancestral_2	886115	T/C	shitikov2017
lin2.2.1	2825581	T/G	shitikov2017
lin2.2.1	797736	C/T	shitikov2017
lin2.2.1	4160371	C/A	shitikov2017
asia_ancestral_3	1477522	C/A	shitikov2017
asian_african_1	782634	A/G	shitikov2017
asian_african_3	1059643	G/A	shitikov2017
europe/russia_B0/W148_outbreak	4086	G/T	shitikov2017
central_asia	1364706	G/A	shitikov2017
asian_african_2	2376135	A/G	shitikov2017
asian_african_2	2532616	G/A	shitikov2017
pacific_RD150	4248115	C/T	shitikov2017
pacific_RD150	1844339	A/G	shitikov2017
asian_african_2/RD142	1692069	A/G	shitikov2017
asian_african_2/RD142	1479088	C/T	shitikov2017
asian_african_2/RD142	3836274	G/A	shitikov2017
